[
    {
        "name": "Leiden",
        "number": 3000
    },
    {
        "name": "Zwijndrecht",
        "number": 3100
    },
    {
        "name": "Middelharnis",
        "number": 3200
    },
    {
        "name": "Alphen aan de Rijn",
        "number": 3300
    },
    {
        "name": "Terneuzen",
        "number": 3400
    },
    {
        "name": "Delft",
        "number": 3500
    },
    {
        "name": "Leidschendam-Voorburg",
        "number": 3600
    },
    {
        "name": "Den Haag",
        "number": 3700
    }
]