[
    {
        "name": "Amsterdam",
        "number": 0
    },
    {
        "name": "Utrecht",
        "number": 1000
    },
    {
        "name": "Nijmegen",
        "number": 2000
    },
    {
        "name": "Leiden",
        "number": 3000
    },
    {
        "name": "Groningen",
        "number": 4000
    },
    {
        "name": "Enschede",
        "number": 7000
    },
    {
        "name": "Eindhoven",
        "number": 8000
    },
    {
        "name": "Cambridge",
        "number": 11000
    },
    {
        "name": "Durham",
        "number": 12000
    },
    {
        "name": "Bristol",
        "number": 13000
    },
    {
        "name": "Birmingham",
        "number": 14000
    },
    {
        "name": "Sussex",
        "number": 15000
    },
    {
        "name": "Cardiff",
        "number": 16000
    },
    {
        "name": "Aarhus",
        "number": 20000
    },
    {
        "name": "Karlsruhe",
        "number": 70000
    }
]